{
  "maps": [
    {
      "end_pose": {
        "theta": -1.7264844468870117,
        "x": 1.454524289001026,
        "y": -3.6899049281056415
      },
      "id": 0,
      "name": "2nd floor"
    }
  ]
}
